"","Technology","Value","Country","Time","EmiF","EmUnits","EmCite"
"1","Oil",738.134,"Argentina",2015,738.134,"gCO2 per kWh","IEA"
"2","Oil",797.554,"Chile",2015,797.554,"gCO2 per kWh","IEA"
"3","TOTAL",468.629,"Tunisia",2015,468.629,"gCO2 per kWh","IEA"
"4","TOTAL",734.184,"Zimbabwe",2015,734.184,"gCO2 per kWh","IEA"
"5","Coal",935.826,"Ireland",2015,935.826,"gCO2 per kWh","IEA"
"6","Oil",720.737,"Lebanon",2015,720.737,"gCO2 per kWh","IEA"
"7","Oil",705.86,"Malta",2015,705.86,"gCO2 per kWh","IEA"
"8","TOTAL",386.509,"Angola",2015,386.509,"gCO2 per kWh","IEA"
"9","Oil",1079.011,"Botswana",2015,1079.011,"gCO2 per kWh","IEA"
"10","Coal",499.013,"Tajikistan",2015,499.013,"gCO2 per kWh","IEA"
"11","Natural Gas",403.881,"Memo: Annex II North America",2015,403.881,"gCO2 per kWh","IEA"
"12","Natural Gas",0,"Zambia",2015,0,"gCO2 per kWh","IEA"
"13","Natural Gas",504.902,"Other non-OECD Asia",2015,504.902,"gCO2 per kWh","IEA"
"14","TOTAL",151.222,"Canada",2015,151.222,"gCO2 per kWh","IEA"
"15","Coal",658.791,"Finland",2015,658.791,"gCO2 per kWh","IEA"
"16","Natural Gas",0,"Uruguay",2015,0,"gCO2 per kWh","IEA"
"17","Natural Gas",458.951,"Brazil",2015,458.951,"gCO2 per kWh","IEA"
"18","TOTAL",25.305,"Namibia",2015,25.305,"gCO2 per kWh","IEA"
"19","Oil",716.942,"Nicaragua",2015,716.942,"gCO2 per kWh","IEA"
"20","TOTAL",487.34,"Azerbaijan",2015,487.34,"gCO2 per kWh","IEA"
"21","Oil",308.262,"Belgium",2015,308.262,"gCO2 per kWh","IEA"
"22","TOTAL",258.681,"Memo: Annex II Europe",2015,258.681,"gCO2 per kWh","IEA"
"23","Oil",0,"Nepal",2015,0,"gCO2 per kWh","IEA"
"24","TOTAL",566.431,"Brunei Darussalam",2015,566.431,"gCO2 per kWh","IEA"
"25","Oil",1382.413,"Bahrain",2015,1382.413,"gCO2 per kWh","IEA"
"26","TOTAL",386.962,"Belarus",2015,386.962,"gCO2 per kWh","IEA"
"27","Natural Gas",633.125,"Cameroon",2015,633.125,"gCO2 per kWh","IEA"
"28","TOTAL",113.502,"Kenya",2015,113.502,"gCO2 per kWh","IEA"
"29","Natural Gas",301.102,"Macedonia, FYR",2015,301.102,"gCO2 per kWh","IEA"
"30","Coal",860.021,"Slovenia",2015,860.021,"gCO2 per kWh","IEA"
"31","Coal",0,"Eritrea",2015,0,"gCO2 per kWh","IEA"
"32","Natural Gas",561.209,"United Arab Emirates",2015,561.209,"gCO2 per kWh","IEA"
"33","Oil",NA,"Former Soviet Union (if no detail)",2015,NA,"gCO2 per kWh","IEA"
"34","TOTAL",6.625,"Costa Rica",2015,6.625,"gCO2 per kWh","IEA"
"35","Natural Gas",621.799,"Iraq",2015,621.799,"gCO2 per kWh","IEA"
"36","Oil",701.382,"United States",2015,701.382,"gCO2 per kWh","IEA"
"37","Oil",668.151,"Memo: Annex II Parties",2015,668.151,"gCO2 per kWh","IEA"
"38","TOTAL",687.042,"Malaysia",2015,687.042,"gCO2 per kWh","IEA"
"39","Natural Gas",295.597,"Netherlands",2015,295.597,"gCO2 per kWh","IEA"
"40","Coal",1081.835,"Philippines",2015,1081.835,"gCO2 per kWh","IEA"
"41","Oil",961.006,"Other Africa",2015,961.006,"gCO2 per kWh","IEA"
"42","Oil",841.403,"CÙte d'Ivoire",2015,841.403,"gCO2 per kWh","IEA"
"43","Coal",1019.131,"Greece",2015,1019.131,"gCO2 per kWh","IEA"
"44","TOTAL",348.718,"United Kingdom",2015,348.718,"gCO2 per kWh","IEA"
"45","Coal",935.862,"Memo: non-Annex I Parties",2015,935.862,"gCO2 per kWh","IEA"
"46","Oil",854,"Sudan",2015,854,"gCO2 per kWh","IEA"
"47","Natural Gas",445.173,"World",2015,445.173,"gCO2 per kWh","IEA"
"48","TOTAL",200.305,"Colombia",2015,200.305,"gCO2 per kWh","IEA"
"49","Oil",484.081,"Guatemala",2015,484.081,"gCO2 per kWh","IEA"
"50","Natural Gas",576.854,"Kuwait",2015,576.854,"gCO2 per kWh","IEA"
"51","TOTAL",730.214,"Poland",2015,730.214,"gCO2 per kWh","IEA"
"52","TOTAL",237.1,"Togo",2015,237.1,"gCO2 per kWh","IEA"
"53","Coal",663.431,"Kyrgyz Republic",2015,663.431,"gCO2 per kWh","IEA"
"54","Coal",968.78,"Indonesia",2015,968.78,"gCO2 per kWh","IEA"
"55","Oil",613.717,"Portugal",2015,613.717,"gCO2 per kWh","IEA"
"56","TOTAL",417.473,"OECD Americas",2015,417.473,"gCO2 per kWh","IEA"
"57","TOTAL",770.47,"Cuba",2015,770.47,"gCO2 per kWh","IEA"
"58","Natural Gas",470.12,"India",2015,470.12,"gCO2 per kWh","IEA"
"59","Oil",730.708,"Czech Republic",2015,730.708,"gCO2 per kWh","IEA"
"60","Oil",667.539,"France",2015,667.539,"gCO2 per kWh","IEA"
"61","Natural Gas",644.273,"Uzbekistan",2015,644.273,"gCO2 per kWh","IEA"
"62","TOTAL",395.297,"Bolivia",2015,395.297,"gCO2 per kWh","IEA"
"63","Coal",0,"Venezuela, RB",2015,0,"gCO2 per kWh","IEA"
"64","Oil",419.348,"Norway",2015,419.348,"gCO2 per kWh","IEA"
"65","TOTAL",106.814,"Finland",2015,106.814,"gCO2 per kWh","IEA"
"66","Natural Gas",0,"Honduras",2015,0,"gCO2 per kWh","IEA"
"67","Oil",912.616,"Trinidad and Tobago",2015,912.616,"gCO2 per kWh","IEA"
"68","Coal",896.56,"Hong Kong SAR, China",2015,896.56,"gCO2 per kWh","IEA"
"69","TOTAL",412.915,"Nigeria",2015,412.915,"gCO2 per kWh","IEA"
"70","TOTAL",757.211,"Serbia",2015,757.211,"gCO2 per kWh","IEA"
"71","Oil",0,"Armenia",2015,0,"gCO2 per kWh","IEA"
"72","Natural Gas",0,"Jamaica",2015,0,"gCO2 per kWh","IEA"
"73","Coal",1020.152,"Turkey",2015,1020.152,"gCO2 per kWh","IEA"
"74","Coal",917.973,"Japan",2015,917.973,"gCO2 per kWh","IEA"
"75","Coal",0,"Libya",2015,0,"gCO2 per kWh","IEA"
"76","TOTAL",513.66,"Sri Lanka",2015,513.66,"gCO2 per kWh","IEA"
"77","Oil",701.288,"OECD Europe",2015,701.288,"gCO2 per kWh","IEA"
"78","Oil",799.215,"Non-OECD Asia (excluding China)",2015,799.215,"gCO2 per kWh","IEA"
"79","Coal",1061.627,"Belarus",2015,1061.627,"gCO2 per kWh","IEA"
"80","TOTAL",174.21,"Denmark",2015,174.21,"gCO2 per kWh","IEA"
"81","TOTAL",394.992,"Russian Federation",2015,394.992,"gCO2 per kWh","IEA"
"82","TOTAL",264.552,"Slovenia",2015,264.552,"gCO2 per kWh","IEA"
"83","Oil",660.116,"Ghana",2015,660.116,"gCO2 per kWh","IEA"
"84","TOTAL",734.357,"Hong Kong SAR, China",2015,734.357,"gCO2 per kWh","IEA"
"85","Coal",1226.689,"Namibia",2015,1226.689,"gCO2 per kWh","IEA"
"86","Coal",0,"Nigeria",2015,0,"gCO2 per kWh","IEA"
"87","Natural Gas",545.697,"Syrian Arab Republic",2015,545.697,"gCO2 per kWh","IEA"
"88","Coal",922.17,"Memo: Annex II Europe",2015,922.17,"gCO2 per kWh","IEA"
"89","TOTAL",417.552,"Ireland",2015,417.552,"gCO2 per kWh","IEA"
"90","Coal",1546.8,"Zimbabwe",2015,1546.8,"gCO2 per kWh","IEA"
"91","Coal",938.214,"Memo: OECD Total",2015,938.214,"gCO2 per kWh","IEA"
"92","Natural Gas",469.655,"Africa",2015,469.655,"gCO2 per kWh","IEA"
"93","Coal",0,"Angola",2015,0,"gCO2 per kWh","IEA"
"94","Coal",0,"Brunei Darussalam",2015,0,"gCO2 per kWh","IEA"
"95","Oil",867.943,"Israel",2015,867.943,"gCO2 per kWh","IEA"
"96","TOTAL",450.119,"Germany",2015,450.119,"gCO2 per kWh","IEA"
"97","Coal",1078.036,"Kosovo",2015,1078.036,"gCO2 per kWh","IEA"
"98","TOTAL",859.388,"Eritrea",2015,859.388,"gCO2 per kWh","IEA"
"99","Coal",0,"Moldova",2015,0,"gCO2 per kWh","IEA"
"100","Oil",726.232,"Memo: Former Yugoslavia",2015,726.232,"gCO2 per kWh","IEA"
"101","TOTAL",312.917,"Panama",2015,312.917,"gCO2 per kWh","IEA"
"102","Coal",878.169,"Poland",2015,878.169,"gCO2 per kWh","IEA"
"103","Oil",995.954,"Tanzania",2015,995.954,"gCO2 per kWh","IEA"
"104","Oil",655.566,"OECD Asia Oceania",2015,655.566,"gCO2 per kWh","IEA"
"105","Coal",941.206,"Canada",2015,941.206,"gCO2 per kWh","IEA"
"106","Natural Gas",580.74,"Congo, Dem. Rep.",2015,580.74,"gCO2 per kWh","IEA"
"107","Oil",397.568,"Estonia",2015,397.568,"gCO2 per kWh","IEA"
"108","Coal",975.123,"Malaysia",2015,975.123,"gCO2 per kWh","IEA"
"109","TOTAL",614.288,"Philippines",2015,614.288,"gCO2 per kWh","IEA"
"110","Natural Gas",310.214,"Slovak Republic",2015,310.214,"gCO2 per kWh","IEA"
"111","Oil",0,"New Zealand",2015,0,"gCO2 per kWh","IEA"
"112","Natural Gas",0,"Cambodia",2015,0,"gCO2 per kWh","IEA"
"113","Natural Gas",0,"El Salvador",2015,0,"gCO2 per kWh","IEA"
"114","TOTAL",262.578,"Korea, Dem. Rep.",2015,262.578,"gCO2 per kWh","IEA"
"115","Oil",1666.987,"Singapore",2015,1666.987,"gCO2 per kWh","IEA"
"116","Coal",953.635,"United Kingdom",2015,953.635,"gCO2 per kWh","IEA"
"117","Natural Gas",0,"Gibraltar",2015,0,"gCO2 per kWh","IEA"
"118","TOTAL",7.618,"Tajikistan",2015,7.618,"gCO2 per kWh","IEA"
"119","Oil",908.821,"Korea",2015,908.821,"gCO2 per kWh","IEA"
"120","Natural Gas",470.864,"Peru",2015,470.864,"gCO2 per kWh","IEA"
"121","TOTAL",659.477,"Middle East",2015,659.477,"gCO2 per kWh","IEA"
"122","Coal",0,"Togo",2015,0,"gCO2 per kWh","IEA"
"123","Oil",1099.686,"Vietnam",2015,1099.686,"gCO2 per kWh","IEA"
"124","Natural Gas",NA,"Former Yugoslavia (if no detail)",2015,NA,"gCO2 per kWh","IEA"
"125","Coal",1042.126,"Serbia",2015,1042.126,"gCO2 per kWh","IEA"
"126","Oil",0,"Albania",2015,0,"gCO2 per kWh","IEA"
"127","Natural Gas",0,"Benin",2015,0,"gCO2 per kWh","IEA"
"128","TOTAL",732.583,"Indonesia",2015,732.583,"gCO2 per kWh","IEA"
"129","Oil",1049.985,"Mongolia",2015,1049.985,"gCO2 per kWh","IEA"
"130","Coal",0,"Bolivia",2015,0,"gCO2 per kWh","IEA"
"131","TOTAL",282.29,"Venezuela, RB",2015,282.29,"gCO2 per kWh","IEA"
"132","Natural Gas",347.498,"Croatia",2015,347.498,"gCO2 per kWh","IEA"
"133","Natural Gas",0,"Haiti",2015,0,"gCO2 per kWh","IEA"
"134","TOTAL",496.594,"Moldova",2015,496.594,"gCO2 per kWh","IEA"
"135","Coal",1162.063,"Panama",2015,1162.063,"gCO2 per kWh","IEA"
"136","Oil",NA,"Other non-OECD Americas",2015,NA,"gCO2 per kWh","IEA"
"137","Coal",932.416,"OECD Americas",2015,932.416,"gCO2 per kWh","IEA"
"138","Coal",0,"Cuba",2015,0,"gCO2 per kWh","IEA"
"139","Natural Gas",538.901,"Pakistan",2015,538.901,"gCO2 per kWh","IEA"
"140","TOTAL",892.844,"Turkmenistan",2015,892.844,"gCO2 per kWh","IEA"
"141","Natural Gas",493.378,"Memo: FSU 15",2015,493.378,"gCO2 per kWh","IEA"
"142","Natural Gas",303.222,"Austria",2015,303.222,"gCO2 per kWh","IEA"
"143","Coal",0,"Azerbaijan",2015,0,"gCO2 per kWh","IEA"
"144","Oil",844.996,"Ukraine",2015,844.996,"gCO2 per kWh","IEA"
"145","Oil",827.216,"Ecuador",2015,827.216,"gCO2 per kWh","IEA"
"146","TOTAL",540.076,"Japan",2015,540.076,"gCO2 per kWh","IEA"
"147","TOTAL",1053.277,"Kosovo",2015,1053.277,"gCO2 per kWh","IEA"
"148","Oil",676.23,"Memo: IEA Total",2015,676.23,"gCO2 per kWh","IEA"
"149","Coal",911.815,"Memo: Annex B Kyoto Parties",2015,911.815,"gCO2 per kWh","IEA"
"150","TOTAL",659.533,"Libya",2015,659.533,"gCO2 per kWh","IEA"
"151","Coal",1173.164,"Sri Lanka",2015,1173.164,"gCO2 per kWh","IEA"
"152","Oil",788.435,"Iceland",2015,788.435,"gCO2 per kWh","IEA"
"153","Oil",688.056,"Jordan",2015,688.056,"gCO2 per kWh","IEA"
"154","Oil",0,"Montenegro",2015,0,"gCO2 per kWh","IEA"
"155","Oil",372.963,"Sweden",2015,372.963,"gCO2 per kWh","IEA"
"156","Natural Gas",383.965,"Chinese Taipei",2015,383.965,"gCO2 per kWh","IEA"
"157","Coal",0,"Tunisia",2015,0,"gCO2 per kWh","IEA"
"158","Coal",955.294,"Colombia",2015,955.294,"gCO2 per kWh","IEA"
"159","Natural Gas",360.355,"Romania",2015,360.355,"gCO2 per kWh","IEA"
"160","Coal",566.603,"Denmark",2015,566.603,"gCO2 per kWh","IEA"
"161","Coal",973.921,"Russian Federation",2015,973.921,"gCO2 per kWh","IEA"
"162","TOTAL",588.98,"Memo: Non-OECD Total",2015,588.98,"gCO2 per kWh","IEA"
"163","TOTAL",602.925,"Memo: non-Annex I Parties",2015,602.925,"gCO2 per kWh","IEA"
"164","Natural Gas",590.122,"Bangladesh",2015,590.122,"gCO2 per kWh","IEA"
"165","Natural Gas",0,"Botswana",2015,0,"gCO2 per kWh","IEA"
"166","Oil",663.251,"Costa Rica",2015,663.251,"gCO2 per kWh","IEA"
"167","Oil",449.309,"Uruguay",2015,449.309,"gCO2 per kWh","IEA"
"168","TOTAL",404.316,"Memo: OECD Total",2015,404.316,"gCO2 per kWh","IEA"
"169","Coal",972.98,"Dominican Republic",2015,972.98,"gCO2 per kWh","IEA"
"170","Natural Gas",582.115,"Kazakhstan",2015,582.115,"gCO2 per kWh","IEA"
"171","TOTAL",304.36,"Myanmar",2015,304.36,"gCO2 per kWh","IEA"
"172","Coal",1076.748,"Africa",2015,1076.748,"gCO2 per kWh","IEA"
"173","Natural Gas",0,"Angola",2015,0,"gCO2 per kWh","IEA"
"174","TOTAL",414.517,"Memo: Annex II North America",2015,414.517,"gCO2 per kWh","IEA"
"175","Coal",0,"Gibraltar",2015,0,"gCO2 per kWh","IEA"
"176","Oil",0,"Nigeria",2015,0,"gCO2 per kWh","IEA"
"177","Oil",1039.606,"Kosovo",2015,1039.606,"gCO2 per kWh","IEA"
"178","Coal",1596.701,"Uzbekistan",2015,1596.701,"gCO2 per kWh","IEA"
"179","Natural Gas",495.61,"Jordan",2015,495.61,"gCO2 per kWh","IEA"
"180","Oil",3155.365,"Latvia",2015,3155.365,"gCO2 per kWh","IEA"
"181","Coal",0,"Syrian Arab Republic",2015,0,"gCO2 per kWh","IEA"
"182","TOTAL",21.426,"Zambia",2015,21.426,"gCO2 per kWh","IEA"
"183","Oil",774.607,"Canada",2015,774.607,"gCO2 per kWh","IEA"
"184","Oil",1121.537,"Namibia",2015,1121.537,"gCO2 per kWh","IEA"
"185","TOTAL",358.08,"Nicaragua",2015,358.08,"gCO2 per kWh","IEA"
"186","Natural Gas",523.487,"Algeria",2015,523.487,"gCO2 per kWh","IEA"
"187","TOTAL",156.64,"Brazil",2015,156.64,"gCO2 per kWh","IEA"
"188","TOTAL",92.458,"Kyrgyz Republic",2015,92.458,"gCO2 per kWh","IEA"
"189","Oil",2138.026,"Zimbabwe",2015,2138.026,"gCO2 per kWh","IEA"
"190","Oil",839.934,"Brunei Darussalam",2015,839.934,"gCO2 per kWh","IEA"
"191","Natural Gas",501.311,"CÙte d'Ivoire",2015,501.311,"gCO2 per kWh","IEA"
"192","Natural Gas",436.168,"Mexico",2015,436.168,"gCO2 per kWh","IEA"
"193","Natural Gas",NA,"Former Soviet Union (if no detail)",2015,NA,"gCO2 per kWh","IEA"
"194","Oil",684.01,"Memo: Annex I Parties",2015,684.01,"gCO2 per kWh","IEA"
"195","TOTAL",171.196,"Cameroon",2015,171.196,"gCO2 per kWh","IEA"
"196","TOTAL",692.008,"Macedonia, FYR",2015,692.008,"gCO2 per kWh","IEA"
"197","Natural Gas",0,"Nepal",2015,0,"gCO2 per kWh","IEA"
"198","Oil",504.383,"Poland",2015,504.383,"gCO2 per kWh","IEA"
"199","Oil",681.613,"Bulgaria",2015,681.613,"gCO2 per kWh","IEA"
"200","TOTAL",567.928,"United Arab Emirates",2015,567.928,"gCO2 per kWh","IEA"
"201","Oil",910.378,"Iran, Islamic Rep.",2015,910.378,"gCO2 per kWh","IEA"
"202","Oil",776.562,"Malaysia",2015,776.562,"gCO2 per kWh","IEA"
"203","Coal",1097.909,"Slovak Republic",2015,1097.909,"gCO2 per kWh","IEA"
"204","Natural Gas",399.476,"Memo: Annex II Parties",2015,399.476,"gCO2 per kWh","IEA"
"205","TOTAL",425.596,"Guatemala",2015,425.596,"gCO2 per kWh","IEA"
"206","Coal",0,"Kuwait",2015,0,"gCO2 per kWh","IEA"
"207","Natural Gas",456.873,"Memo: Annex I EIT",2015,456.873,"gCO2 per kWh","IEA"
"208","Coal",0,"United Arab Emirates",2015,0,"gCO2 per kWh","IEA"
"209","TOTAL",566.997,"Memo: Annex II Asia Oceania",2015,566.997,"gCO2 per kWh","IEA"
"210","Natural Gas",329.534,"Korea",2015,329.534,"gCO2 per kWh","IEA"
"211","Natural Gas",360.263,"Ukraine",2015,360.263,"gCO2 per kWh","IEA"
"212","TOTAL",NA,"Former Yugoslavia (if no detail)",2015,NA,"gCO2 per kWh","IEA"
"213","TOTAL",675.18,"Benin",2015,675.18,"gCO2 per kWh","IEA"
"214","Oil",904.014,"Colombia",2015,904.014,"gCO2 per kWh","IEA"
"215","Natural Gas",418.558,"Egypt, Arab Rep.",2015,418.558,"gCO2 per kWh","IEA"
"216","Coal",0,"Jamaica",2015,0,"gCO2 per kWh","IEA"
"217","Oil",377.616,"Serbia",2015,377.616,"gCO2 per kWh","IEA"
"218","TOTAL",302.863,"Sudan",2015,302.863,"gCO2 per kWh","IEA"
"219","Coal",0,"El Salvador",2015,0,"gCO2 per kWh","IEA"
"220","Natural Gas",355.126,"Italy",2015,355.126,"gCO2 per kWh","IEA"
"221","Oil",750.651,"OECD Americas",2015,750.651,"gCO2 per kWh","IEA"
"222","Oil",758.927,"Azerbaijan",2015,758.927,"gCO2 per kWh","IEA"
"223","Natural Gas",524.884,"Moldova",2015,524.884,"gCO2 per kWh","IEA"
"224","Oil",0,"Congo, Rep.",2015,0,"gCO2 per kWh","IEA"
"225","Oil",711.572,"Cyprus",2015,711.572,"gCO2 per kWh","IEA"
"226","Coal",1299.813,"Mongolia",2015,1299.813,"gCO2 per kWh","IEA"
"227","TOTAL",410.451,"Pakistan",2015,410.451,"gCO2 per kWh","IEA"
"228","TOTAL",405.277,"Memo: FSU 15",2015,405.277,"gCO2 per kWh","IEA"
"229","TOTAL",163.841,"Austria",2015,163.841,"gCO2 per kWh","IEA"
"230","Oil",989.681,"Haiti",2015,989.681,"gCO2 per kWh","IEA"
"231","Coal",944.779,"Honduras",2015,944.779,"gCO2 per kWh","IEA"
"232","Oil",837.79,"Panama",2015,837.79,"gCO2 per kWh","IEA"
"233","Natural Gas",0,"Iceland",2015,0,"gCO2 per kWh","IEA"
"234","Coal",968.753,"India",2015,968.753,"gCO2 per kWh","IEA"
"235","Natural Gas",539.141,"Libya",2015,539.141,"gCO2 per kWh","IEA"
"236","Natural Gas",641.635,"Yemen, Rep.",2015,641.635,"gCO2 per kWh","IEA"
"237","TOTAL",583.924,"Trinidad and Tobago",2015,583.924,"gCO2 per kWh","IEA"
"238","Coal",0,"Zambia",2015,0,"gCO2 per kWh","IEA"
"239","Natural Gas",394.425,"Memo: IEA Total",2015,394.425,"gCO2 per kWh","IEA"
"240","TOTAL",583.15,"Chinese Taipei",2015,583.15,"gCO2 per kWh","IEA"
"241","Coal",0,"Georgia",2015,0,"gCO2 per kWh","IEA"
"242","Oil",964.194,"Russian Federation",2015,964.194,"gCO2 per kWh","IEA"
"243","TOTAL",46.254,"France",2015,46.254,"gCO2 per kWh","IEA"
"244","Natural Gas",683.869,"Gabon",2015,683.869,"gCO2 per kWh","IEA"
"245","Oil",831.088,"Tunisia",2015,831.088,"gCO2 per kWh","IEA"
"246","Natural Gas",0,"Lebanon",2015,0,"gCO2 per kWh","IEA"
"247","TOTAL",340.092,"Romania",2015,340.092,"gCO2 per kWh","IEA"
"248","Oil",884.232,"Bosnia and Herzegovina",2015,884.232,"gCO2 per kWh","IEA"
"249","Natural Gas",489.308,"Memo: non-Annex I Parties",2015,489.308,"gCO2 per kWh","IEA"
"250","Natural Gas",491.514,"Non-OECD Europe and Eurasia",2015,491.514,"gCO2 per kWh","IEA"
"251","Coal",1257.322,"Brazil",2015,1257.322,"gCO2 per kWh","IEA"
"252","Natural Gas",299.113,"Denmark",2015,299.113,"gCO2 per kWh","IEA"
"253","Coal",0,"Kenya",2015,0,"gCO2 per kWh","IEA"
"254","Natural Gas",349.722,"OECD Europe",2015,349.722,"gCO2 per kWh","IEA"
"255","Coal",1272.822,"Argentina",2015,1272.822,"gCO2 per kWh","IEA"
"256","Natural Gas",559.653,"Ghana",2015,559.653,"gCO2 per kWh","IEA"
"257","Oil",902.397,"Saudi Arabia",2015,902.397,"gCO2 per kWh","IEA"
"258","TOTAL",623.818,"Syrian Arab Republic",2015,623.818,"gCO2 per kWh","IEA"
"259","Oil",658.901,"Ireland",2015,658.901,"gCO2 per kWh","IEA"
"260","TOTAL",599.315,"Dominican Republic",2015,599.315,"gCO2 per kWh","IEA"
"261","Natural Gas",281.975,"Switzerland",2015,281.975,"gCO2 per kWh","IEA"
"262","Oil",625.161,"Germany",2015,625.161,"gCO2 per kWh","IEA"
"263","Coal",0,"Nicaragua",2015,0,"gCO2 per kWh","IEA"
"264","Natural Gas",0,"Ethiopia",2015,0,"gCO2 per kWh","IEA"
"265","Oil",764.241,"South Africa",2015,764.241,"gCO2 per kWh","IEA"
"266","Coal",899.525,"Croatia",2015,899.525,"gCO2 per kWh","IEA"
"267","Oil",1392.484,"Korea, Dem. Rep.",2015,1392.484,"gCO2 per kWh","IEA"
"268","TOTAL",124.107,"New Zealand",2015,124.107,"gCO2 per kWh","IEA"
"269","Natural Gas",516.379,"Senegal",2015,516.379,"gCO2 per kWh","IEA"
"270","Natural Gas",422.472,"China (P.R. of China and Hong Kong, China)",2015,422.472,"gCO2 per kWh","IEA"
"271","Coal",882.075,"Netherlands",2015,882.075,"gCO2 per kWh","IEA"
"272","Oil",3175.448,"Paraguay",2015,3175.448,"gCO2 per kWh","IEA"
"273","Natural Gas",337.947,"Philippines",2015,337.947,"gCO2 per kWh","IEA"
"274","TOTAL",168.941,"Slovak Republic",2015,168.941,"gCO2 per kWh","IEA"
"275","Coal",868.808,"Memo: FSU 15",2015,868.808,"gCO2 per kWh","IEA"
"276","Coal",0,"Cameroon",2015,0,"gCO2 per kWh","IEA"
"277","TOTAL",265.367,"El Salvador",2015,265.367,"gCO2 per kWh","IEA"
"278","TOTAL",584.268,"Greece",2015,584.268,"gCO2 per kWh","IEA"
"279","Oil",0,"Tajikistan",2015,0,"gCO2 per kWh","IEA"
"280","Coal",929.315,"Memo: Annex II North America",2015,929.315,"gCO2 per kWh","IEA"
"281","Oil",863.642,"Eritrea",2015,863.642,"gCO2 per kWh","IEA"
"282","Natural Gas",399.857,"Singapore",2015,399.857,"gCO2 per kWh","IEA"
"283","Natural Gas",504.55,"Other Africa",2015,504.55,"gCO2 per kWh","IEA"
"284","Oil",760.265,"Indonesia",2015,760.265,"gCO2 per kWh","IEA"
"285","Natural Gas",428.075,"Thailand",2015,428.075,"gCO2 per kWh","IEA"
"286","Coal",1220.752,"Austria",2015,1220.752,"gCO2 per kWh","IEA"
"287","Natural Gas",502.537,"Oman",2015,502.537,"gCO2 per kWh","IEA"
"288","Oil",925.587,"Middle East",2015,925.587,"gCO2 per kWh","IEA"
"289","Natural Gas",532.083,"Australia",2015,532.083,"gCO2 per kWh","IEA"
"290","TOTAL",1249.309,"Mongolia",2015,1249.309,"gCO2 per kWh","IEA"
"291","Coal",2397.3,"Pakistan",2015,2397.3,"gCO2 per kWh","IEA"
"292","Natural Gas",491.048,"Non-OECD Americas",2015,491.048,"gCO2 per kWh","IEA"
"293","Natural Gas",352.059,"Luxembourg",2015,352.059,"gCO2 per kWh","IEA"
"294","Natural Gas",0,"Togo",2015,0,"gCO2 per kWh","IEA"
"295","Coal",944.918,"Memo: Annex II Asia Oceania",2015,944.918,"gCO2 per kWh","IEA"
"296","Natural Gas",311.188,"Lithuania",2015,311.188,"gCO2 per kWh","IEA"
"297","Coal",1132.408,"Macedonia, FYR",2015,1132.408,"gCO2 per kWh","IEA"
"298","Coal",0,"Trinidad and Tobago",2015,0,"gCO2 per kWh","IEA"
"299","TOTAL",225.813,"Belgium",2015,225.813,"gCO2 per kWh","IEA"
"300","Coal",0,"Benin",2015,0,"gCO2 per kWh","IEA"
"301","TOTAL",771.314,"India",2015,771.314,"gCO2 per kWh","IEA"
"302","Coal",NA,"Former Yugoslavia (if no detail)",2015,NA,"gCO2 per kWh","IEA"
"303","Coal",906.433,"Chinese Taipei",2015,906.433,"gCO2 per kWh","IEA"
"304","TOTAL",117.66,"Georgia",2015,117.66,"gCO2 per kWh","IEA"
"305","Natural Gas",369.638,"Spain",2015,369.638,"gCO2 per kWh","IEA"
"306","Oil",0,"Turkmenistan",2015,0,"gCO2 per kWh","IEA"
"307","TOTAL",550.844,"Uzbekistan",2015,550.844,"gCO2 per kWh","IEA"
"308","Natural Gas",422.352,"China",2015,422.352,"gCO2 per kWh","IEA"
"309","Natural Gas",226.145,"Finland",2015,226.145,"gCO2 per kWh","IEA"
"310","TOTAL",385.894,"Honduras",2015,385.894,"gCO2 per kWh","IEA"
"311","TOTAL",441.134,"Turkey",2015,441.134,"gCO2 per kWh","IEA"
"312","Oil",970.709,"Venezuela, RB",2015,970.709,"gCO2 per kWh","IEA"
"313","Coal",1026.138,"Romania",2015,1026.138,"gCO2 per kWh","IEA"
"314","Coal",1214.829,"France",2015,1214.829,"gCO2 per kWh","IEA"
"315","Natural Gas",486.302,"Qatar",2015,486.302,"gCO2 per kWh","IEA"
"316","Natural Gas",372.11,"Memo: Annex B Kyoto Parties",2015,372.11,"gCO2 per kWh","IEA"
"317","Oil",625.624,"Japan",2015,625.624,"gCO2 per kWh","IEA"
"318","Coal",967.706,"Myanmar",2015,967.706,"gCO2 per kWh","IEA"
"319","TOTAL",384.193,"Argentina",2015,384.193,"gCO2 per kWh","IEA"
"320","Oil",847.252,"Morocco",2015,847.252,"gCO2 per kWh","IEA"
"321","Natural Gas",473.056,"Mozambique",2015,473.056,"gCO2 per kWh","IEA"
"322","Natural Gas",319.075,"Czech Republic",2015,319.075,"gCO2 per kWh","IEA"
"323","TOTAL",644.092,"Jamaica",2015,644.092,"gCO2 per kWh","IEA"
"324","Coal",0,"Sudan",2015,0,"gCO2 per kWh","IEA"
"325","Oil",836.413,"Memo: Non-OECD Total",2015,836.413,"gCO2 per kWh","IEA"
"326","Oil",708.834,"Hungary",2015,708.834,"gCO2 per kWh","IEA"
"327","Natural Gas",0,"Sri Lanka",2015,0,"gCO2 per kWh","IEA"
"328","TOTAL",567.227,"Bangladesh",2015,567.227,"gCO2 per kWh","IEA"
"329","TOTAL",1285.587,"Botswana",2015,1285.587,"gCO2 per kWh","IEA"
"330","Natural Gas",401.187,"Chile",2015,401.187,"gCO2 per kWh","IEA"
"331","Natural Gas",0,"Malta",2015,0,"gCO2 per kWh","IEA"
"332","Natural Gas",289.35,"Latvia",2015,289.35,"gCO2 per kWh","IEA"
"333","Oil",816.358,"Myanmar",2015,816.358,"gCO2 per kWh","IEA"
"334","Coal",0,"Saudi Arabia",2015,0,"gCO2 per kWh","IEA"
"335","TOTAL",455.615,"United States",2015,455.615,"gCO2 per kWh","IEA"
"336","Oil",693.13,"Memo: OECD Total",2015,693.13,"gCO2 per kWh","IEA"
"337","Natural Gas",386.587,"Belarus",2015,386.587,"gCO2 per kWh","IEA"
"338","Natural Gas",0,"Namibia",2015,0,"gCO2 per kWh","IEA"
"339","Oil",715.604,"Memo: Annex II Europe",2015,715.604,"gCO2 per kWh","IEA"
"340","Coal",932.455,"Spain",2015,932.455,"gCO2 per kWh","IEA"
"341","Coal",0,"Ethiopia",2015,0,"gCO2 per kWh","IEA"
"342","Coal",0,"Ghana",2015,0,"gCO2 per kWh","IEA"
"343","Natural Gas",0,"Nicaragua",2015,0,"gCO2 per kWh","IEA"
"344","TOTAL",367.347,"Other non-OECD Asia",2015,367.347,"gCO2 per kWh","IEA"
"345","Coal",911.477,"China (P.R. of China and Hong Kong, China)",2015,911.477,"gCO2 per kWh","IEA"
"346","Oil",684.794,"Brazil",2015,684.794,"gCO2 per kWh","IEA"
"347","TOTAL",534.514,"Algeria",2015,534.514,"gCO2 per kWh","IEA"
"348","Oil",612.457,"Kazakhstan",2015,612.457,"gCO2 per kWh","IEA"
"349","Oil",1376.251,"Iraq",2015,1376.251,"gCO2 per kWh","IEA"
"350","Natural Gas",409.608,"Memo: Annex I Parties",2015,409.608,"gCO2 per kWh","IEA"
"351","Coal",0,"Paraguay",2015,0,"gCO2 per kWh","IEA"
"352","TOTAL",459.632,"Mexico",2015,459.632,"gCO2 per kWh","IEA"
"353","Oil",744.853,"Cameroon",2015,744.853,"gCO2 per kWh","IEA"
"354","Oil",868.289,"Macedonia, FYR",2015,868.289,"gCO2 per kWh","IEA"
"355","Coal",1578.899,"Guatemala",2015,1578.899,"gCO2 per kWh","IEA"
"356","Coal",1031.944,"Thailand",2015,1031.944,"gCO2 per kWh","IEA"
"357","Coal",910.878,"Non-OECD Europe and Eurasia",2015,910.878,"gCO2 per kWh","IEA"
"358","Natural Gas",0,"Kenya",2015,0,"gCO2 per kWh","IEA"
"359","Natural Gas",717.339,"Bahrain",2015,717.339,"gCO2 per kWh","IEA"
"360","TOTAL",497.766,"Bulgaria",2015,497.766,"gCO2 per kWh","IEA"
"361","Natural Gas",0,"Costa Rica",2015,0,"gCO2 per kWh","IEA"
"362","TOTAL",550.965,"Iran, Islamic Rep.",2015,550.965,"gCO2 per kWh","IEA"
"363","TOTAL",488.829,"Netherlands",2015,488.829,"gCO2 per kWh","IEA"
"364","Oil",786.781,"United Kingdom",2015,786.781,"gCO2 per kWh","IEA"
"365","Coal",1096.223,"Memo: Former Yugoslavia",2015,1096.223,"gCO2 per kWh","IEA"
"366","Coal",1000.638,"Korea",2015,1000.638,"gCO2 per kWh","IEA"
"367","TOTAL",386.521,"Memo: Annex II Parties",2015,386.521,"gCO2 per kWh","IEA"
"368","Natural Gas",0,"Mongolia",2015,0,"gCO2 per kWh","IEA"
"369","Oil",721.374,"Pakistan",2015,721.374,"gCO2 per kWh","IEA"
"370","TOTAL",455.861,"Other Africa",2015,455.861,"gCO2 per kWh","IEA"
"371","Natural Gas",555.924,"Middle East",2015,555.924,"gCO2 per kWh","IEA"
"372","Oil",481.78,"Austria",2015,481.78,"gCO2 per kWh","IEA"
"373","Coal",1024.522,"Morocco",2015,1024.522,"gCO2 per kWh","IEA"
"374","Coal",1679.736,"Singapore",2015,1679.736,"gCO2 per kWh","IEA"
"375","TOTAL",510.777,"Thailand",2015,510.777,"gCO2 per kWh","IEA"
"376","Coal",3686.85,"Iran, Islamic Rep.",2015,3686.85,"gCO2 per kWh","IEA"
"377","TOTAL",509.074,"Oman",2015,509.074,"gCO2 per kWh","IEA"
"378","TOTAL",754.836,"Australia",2015,754.836,"gCO2 per kWh","IEA"
"379","Coal",1402.914,"New Zealand",2015,1402.914,"gCO2 per kWh","IEA"
"380","TOTAL",231.936,"Non-OECD Americas",2015,231.936,"gCO2 per kWh","IEA"
"381","Natural Gas",0,"Albania",2015,0,"gCO2 per kWh","IEA"
"382","TOTAL",232.729,"Croatia",2015,232.729,"gCO2 per kWh","IEA"
"383","TOTAL",281.18,"Luxembourg",2015,281.18,"gCO2 per kWh","IEA"
"384","Coal",972.268,"Memo: Annex I EIT",2015,972.268,"gCO2 per kWh","IEA"
"385","Coal",0,"Algeria",2015,0,"gCO2 per kWh","IEA"
"386","Oil",855.189,"Cuba",2015,855.189,"gCO2 per kWh","IEA"
"387","Natural Gas",504.789,"Other non-OECD Americas",2015,504.789,"gCO2 per kWh","IEA"
"388","Natural Gas",892.844,"Turkmenistan",2015,892.844,"gCO2 per kWh","IEA"
"389","Oil",NA,"Former Yugoslavia (if no detail)",2015,NA,"gCO2 per kWh","IEA"
"390","Coal",0,"Egypt, Arab Rep.",2015,0,"gCO2 per kWh","IEA"
"391","TOTAL",273.919,"Congo, Rep.",2015,273.919,"gCO2 per kWh","IEA"
"392","Natural Gas",390.399,"Ecuador",2015,390.399,"gCO2 per kWh","IEA"
"393","Coal",1101.46,"Ukraine",2015,1101.46,"gCO2 per kWh","IEA"
"394","Coal",1001.537,"Other non-OECD Asia",2015,1001.537,"gCO2 per kWh","IEA"
"395","Natural Gas",399.345,"Israel",2015,399.345,"gCO2 per kWh","IEA"
"396","TOTAL",292.943,"Spain",2015,292.943,"gCO2 per kWh","IEA"
"397","Coal",0,"Switzerland",2015,0,"gCO2 per kWh","IEA"
"398","Oil",698.547,"Memo: Annex B Kyoto Parties",2015,698.547,"gCO2 per kWh","IEA"
"399","TOTAL",656.682,"China",2015,656.682,"gCO2 per kWh","IEA"
"400","Coal",945.245,"Italy",2015,945.245,"gCO2 per kWh","IEA"
"401","Oil",718.914,"Romania",2015,718.914,"gCO2 per kWh","IEA"
"402","Natural Gas",212.164,"Sweden",2015,212.164,"gCO2 per kWh","IEA"
"403","Oil",501.911,"Lithuania",2015,501.911,"gCO2 per kWh","IEA"
"404","TOTAL",486.302,"Qatar",2015,486.302,"gCO2 per kWh","IEA"
"405","Oil",952.111,"Bolivia",2015,952.111,"gCO2 per kWh","IEA"
"406","Oil",547.619,"Denmark",2015,547.619,"gCO2 per kWh","IEA"
"407","Natural Gas",496.034,"Memo: Non-OECD Total",2015,496.034,"gCO2 per kWh","IEA"
"408","Coal",0,"Iceland",2015,0,"gCO2 per kWh","IEA"
"409","Natural Gas",319.936,"Hungary",2015,319.936,"gCO2 per kWh","IEA"
"410","Natural Gas",0,"Montenegro",2015,0,"gCO2 per kWh","IEA"
"411","TOTAL",64.7,"Mozambique",2015,64.7,"gCO2 per kWh","IEA"
"412","Coal",937.624,"Memo: IEA Total",2015,937.624,"gCO2 per kWh","IEA"
"413","Natural Gas",494.15,"Argentina",2015,494.15,"gCO2 per kWh","IEA"
"414","TOTAL",521.22,"Czech Republic",2015,521.22,"gCO2 per kWh","IEA"
"415","Coal",0,"Yemen, Rep.",2015,0,"gCO2 per kWh","IEA"
"416","Oil",707.41,"Chinese Taipei",2015,707.41,"gCO2 per kWh","IEA"
"417","Coal",0,"Gabon",2015,0,"gCO2 per kWh","IEA"
"418","Natural Gas",363.797,"Vietnam",2015,363.797,"gCO2 per kWh","IEA"
"419","TOTAL",416.354,"Non-OECD Europe and Eurasia",2015,416.354,"gCO2 per kWh","IEA"
"420","Coal",0,"Lebanon",2015,0,"gCO2 per kWh","IEA"
"421","Oil",857.848,"Syrian Arab Republic",2015,857.848,"gCO2 per kWh","IEA"
"422","Coal",911.563,"China",2015,911.563,"gCO2 per kWh","IEA"
"423","Coal",1077.592,"Mexico",2015,1077.592,"gCO2 per kWh","IEA"
"424","Natural Gas",237.254,"Estonia",2015,237.254,"gCO2 per kWh","IEA"
"425","Natural Gas",329.181,"Germany",2015,329.181,"gCO2 per kWh","IEA"
"426","Oil",742.239,"Slovenia",2015,742.239,"gCO2 per kWh","IEA"
"427","TOTAL",24.182,"Switzerland",2015,24.182,"gCO2 per kWh","IEA"
"428","Coal",1492.618,"Belgium",2015,1492.618,"gCO2 per kWh","IEA"
"429","Natural Gas",454.219,"Dominican Republic",2015,454.219,"gCO2 per kWh","IEA"
"430","Coal",0,"Nepal",2015,0,"gCO2 per kWh","IEA"
"431","TOTAL",726.218,"Saudi Arabia",2015,726.218,"gCO2 per kWh","IEA"
"432","Natural Gas",0,"South Africa",2015,0,"gCO2 per kWh","IEA"
"433","TOTAL",620.13,"Africa",2015,620.13,"gCO2 per kWh","IEA"
"434","Natural Gas",463.296,"Non-OECD Asia (excluding China)",2015,463.296,"gCO2 per kWh","IEA"
"435","TOTAL",0.307,"Ethiopia",2015,0.307,"gCO2 per kWh","IEA"
"436","Oil",711.577,"Senegal",2015,711.577,"gCO2 per kWh","IEA"
"437","Oil",796.183,"Greece",2015,796.183,"gCO2 per kWh","IEA"
"438","Oil",801.873,"Congo, Dem. Rep.",2015,801.873,"gCO2 per kWh","IEA"
"439","Coal",930.69,"Memo: Annex II Parties",2015,930.69,"gCO2 per kWh","IEA"
"440","Coal",928.782,"United States",2015,928.782,"gCO2 per kWh","IEA"
"441","TOTAL",657.188,"China (P.R. of China and Hong Kong, China)",2015,657.188,"gCO2 per kWh","IEA"
"442","Coal",1048.602,"Bulgaria",2015,1048.602,"gCO2 per kWh","IEA"
"443","Natural Gas",503.843,"Tanzania",2015,503.843,"gCO2 per kWh","IEA"
"444","Natural Gas",415.033,"OECD Asia Oceania",2015,415.033,"gCO2 per kWh","IEA"
"445","Coal",1084.115,"Bangladesh",2015,1084.115,"gCO2 per kWh","IEA"
"446","Coal",973.1,"Other Africa",2015,973.1,"gCO2 per kWh","IEA"
"447","TOTAL",0.057,"Paraguay",2015,0.057,"gCO2 per kWh","IEA"
"448","TOTAL",762.461,"Gibraltar",2015,762.461,"gCO2 per kWh","IEA"
"449","Natural Gas",0,"Korea, Dem. Rep.",2015,0,"gCO2 per kWh","IEA"
"450","Oil",1335.191,"Peru",2015,1335.191,"gCO2 per kWh","IEA"
"451","TOTAL",648.677,"Memo: Former Yugoslavia",2015,648.677,"gCO2 per kWh","IEA"
"452","Coal",NA,"Former Soviet Union (if no detail)",2015,NA,"gCO2 per kWh","IEA"
"453","Coal",0,"CÙte d'Ivoire",2015,0,"gCO2 per kWh","IEA"
"454","TOTAL",435.115,"Singapore",2015,435.115,"gCO2 per kWh","IEA"
"455","Oil",849.612,"Cambodia",2015,849.612,"gCO2 per kWh","IEA"
"456","Oil",629.169,"El Salvador",2015,629.169,"gCO2 per kWh","IEA"
"457","Coal",0,"Luxembourg",2015,0,"gCO2 per kWh","IEA"
"458","Natural Gas",352.366,"Portugal",2015,352.366,"gCO2 per kWh","IEA"
"459","TOTAL",429.464,"Memo: Annex I EIT",2015,429.464,"gCO2 per kWh","IEA"
"460","Oil",798.737,"World",2015,798.737,"gCO2 per kWh","IEA"
"461","Coal",0,"Congo, Rep.",2015,0,"gCO2 per kWh","IEA"
"462","Natural Gas",438.94,"Memo: Annex II Asia Oceania",2015,438.94,"gCO2 per kWh","IEA"
"463","Oil",717.747,"Jamaica",2015,717.747,"gCO2 per kWh","IEA"
"464","Coal",0,"Qatar",2015,0,"gCO2 per kWh","IEA"
"465","TOTAL",472.428,"Egypt, Arab Rep.",2015,472.428,"gCO2 per kWh","IEA"
"466","TOTAL",342.364,"Italy",2015,342.364,"gCO2 per kWh","IEA"
"467","Natural Gas",0,"Sudan",2015,0,"gCO2 per kWh","IEA"
"468","TOTAL",624.748,"Kuwait",2015,624.748,"gCO2 per kWh","IEA"
"469","Oil",635.79,"Kyrgyz Republic",2015,635.79,"gCO2 per kWh","IEA"
"470","Coal",1205.858,"Non-OECD Americas",2015,1205.858,"gCO2 per kWh","IEA"
"471","Natural Gas",455.202,"Armenia",2015,455.202,"gCO2 per kWh","IEA"
"472","TOTAL",0.168,"Iceland",2015,0.168,"gCO2 per kWh","IEA"
"473","Natural Gas",583.156,"Trinidad and Tobago",2015,583.156,"gCO2 per kWh","IEA"
"474","Oil",712.719,"Zambia",2015,712.719,"gCO2 per kWh","IEA"
"475","Coal",997.798,"Australia",2015,997.798,"gCO2 per kWh","IEA"
"476","Coal",962.756,"Czech Republic",2015,962.756,"gCO2 per kWh","IEA"
"477","TOTAL",733.897,"Yemen, Rep.",2015,733.897,"gCO2 per kWh","IEA"
"478","Natural Gas",0,"Cyprus",2015,0,"gCO2 per kWh","IEA"
"479","Oil",0,"Georgia",2015,0,"gCO2 per kWh","IEA"
"480","Coal",1293.768,"Botswana",2015,1293.768,"gCO2 per kWh","IEA"
"481","Oil",920.963,"Hong Kong SAR, China",2015,920.963,"gCO2 per kWh","IEA"
"482","Oil",799.169,"Libya",2015,799.169,"gCO2 per kWh","IEA"
"483","Natural Gas",699.941,"Bosnia and Herzegovina",2015,699.941,"gCO2 per kWh","IEA"
"484","TOTAL",411.459,"Gabon",2015,411.459,"gCO2 per kWh","IEA"
"485","Oil",560.989,"Turkey",2015,560.989,"gCO2 per kWh","IEA"
"486","Natural Gas",325.331,"France",2015,325.331,"gCO2 per kWh","IEA"
"487","TOTAL",701.971,"Lebanon",2015,701.971,"gCO2 per kWh","IEA"
"488","Coal",0,"Oman",2015,0,"gCO2 per kWh","IEA"
"489","TOTAL",701.69,"Morocco",2015,701.69,"gCO2 per kWh","IEA"
"490","Coal",0,"Mozambique",2015,0,"gCO2 per kWh","IEA"
"491","Natural Gas",333.798,"Norway",2015,333.798,"gCO2 per kWh","IEA"
"492","TOTAL",415.693,"Kazakhstan",2015,415.693,"gCO2 per kWh","IEA"
"493","Natural Gas",728.603,"Myanmar",2015,728.603,"gCO2 per kWh","IEA"
"494","Natural Gas",0,"Zimbabwe",2015,0,"gCO2 per kWh","IEA"
"495","Natural Gas",397.144,"Memo: OECD Total",2015,397.144,"gCO2 per kWh","IEA"
"496","Oil",714.08,"Memo: Annex II North America",2015,714.08,"gCO2 per kWh","IEA"
"497","Oil",577.048,"Belarus",2015,577.048,"gCO2 per kWh","IEA"
"498","TOTAL",438.272,"Chile",2015,438.272,"gCO2 per kWh","IEA"
"499","Oil",909.054,"Kenya",2015,909.054,"gCO2 per kWh","IEA"
"500","TOTAL",651.688,"Malta",2015,651.688,"gCO2 per kWh","IEA"
"501","Natural Gas",399.654,"United States",2015,399.654,"gCO2 per kWh","IEA"
"502","TOTAL",145.255,"Latvia",2015,145.255,"gCO2 per kWh","IEA"
"503","Coal",862.572,"Israel",2015,862.572,"gCO2 per kWh","IEA"
"504","Oil",800.379,"Mexico",2015,800.379,"gCO2 per kWh","IEA"
"505","Coal",0,"Senegal",2015,0,"gCO2 per kWh","IEA"
"506","Coal",977.415,"Non-OECD Asia (excluding China)",2015,977.415,"gCO2 per kWh","IEA"
"507","Oil",825.432,"Angola",2015,825.432,"gCO2 per kWh","IEA"
"508","TOTAL",588.17,"Jordan",2015,588.17,"gCO2 per kWh","IEA"
"509","TOTAL",51.406,"Uruguay",2015,51.406,"gCO2 per kWh","IEA"
"510","Natural Gas",347.606,"Memo: Annex II Europe",2015,347.606,"gCO2 per kWh","IEA"
"511","Natural Gas",490.249,"Canada",2015,490.249,"gCO2 per kWh","IEA"
"512","Coal",1067.584,"South Africa",2015,1067.584,"gCO2 per kWh","IEA"
"513","Coal",1225.844,"Estonia",2015,1225.844,"gCO2 per kWh","IEA"
"514","Natural Gas",386.965,"United Kingdom",2015,386.965,"gCO2 per kWh","IEA"
"515","Oil",881.21,"Memo: FSU 15",2015,881.21,"gCO2 per kWh","IEA"
"516","TOTAL",394.637,"Memo: Annex I Parties",2015,394.637,"gCO2 per kWh","IEA"
"517","Coal",958.813,"OECD Asia Oceania",2015,958.813,"gCO2 per kWh","IEA"
"518","TOTAL",435.226,"CÙte d'Ivoire",2015,435.226,"gCO2 per kWh","IEA"
"519","Natural Gas",502.199,"Azerbaijan",2015,502.199,"gCO2 per kWh","IEA"
"520","Coal",846.425,"Korea, Dem. Rep.",2015,846.425,"gCO2 per kWh","IEA"
"521","TOTAL",NA,"Former Soviet Union (if no detail)",2015,NA,"gCO2 per kWh","IEA"
"522","Natural Gas",563.94,"Brunei Darussalam",2015,563.94,"gCO2 per kWh","IEA"
"523","Oil",550.016,"Croatia",2015,550.016,"gCO2 per kWh","IEA"
"524","TOTAL",0,"Nepal",2015,0,"gCO2 per kWh","IEA"
"525","Coal",930.549,"OECD Europe",2015,930.549,"gCO2 per kWh","IEA"
"526","TOTAL",717.549,"Bahrain",2015,717.549,"gCO2 per kWh","IEA"
"527","TOTAL",1140.674,"Iraq",2015,1140.674,"gCO2 per kWh","IEA"
"528","Oil",401.506,"Netherlands",2015,401.506,"gCO2 per kWh","IEA"
"529","Coal",1615.599,"Peru",2015,1615.599,"gCO2 per kWh","IEA"
"530","Natural Gas",279.761,"Bulgaria",2015,279.761,"gCO2 per kWh","IEA"
"531","Natural Gas",521.743,"Iran, Islamic Rep.",2015,521.743,"gCO2 per kWh","IEA"
"532","Coal",0,"Tanzania",2015,0,"gCO2 per kWh","IEA"
"533","Oil",443.595,"Bangladesh",2015,443.595,"gCO2 per kWh","IEA"
"534","Natural Gas",570.245,"Malaysia",2015,570.245,"gCO2 per kWh","IEA"
"535","Coal",0,"Albania",2015,0,"gCO2 per kWh","IEA"
"536","TOTAL",346.492,"Portugal",2015,346.492,"gCO2 per kWh","IEA"
"537","Oil",714.896,"Benin",2015,714.896,"gCO2 per kWh","IEA"
"538","Oil",0,"Qatar",2015,0,"gCO2 per kWh","IEA"
"539","Coal",NA,"Other non-OECD Americas",2015,NA,"gCO2 per kWh","IEA"
"540","Natural Gas",509.789,"Indonesia",2015,509.789,"gCO2 per kWh","IEA"
"541","Coal",802.057,"Sweden",2015,802.057,"gCO2 per kWh","IEA"
"542","TOTAL",910.544,"Haiti",2015,910.544,"gCO2 per kWh","IEA"
"543","Oil",739.228,"Thailand",2015,739.228,"gCO2 per kWh","IEA"
"544","TOTAL",185.687,"Lithuania",2015,185.687,"gCO2 per kWh","IEA"
"545","Coal",936.927,"World",2015,936.927,"gCO2 per kWh","IEA"
"546","Natural Gas",311.512,"Belgium",2015,311.512,"gCO2 per kWh","IEA"
"547","Oil",0,"Luxembourg",2015,0,"gCO2 per kWh","IEA"
"548","Oil",960.256,"Togo",2015,960.256,"gCO2 per kWh","IEA"
"549","Oil",626.096,"Memo: Annex II Asia Oceania",2015,626.096,"gCO2 per kWh","IEA"
"550","TOTAL",163.485,"Armenia",2015,163.485,"gCO2 per kWh","IEA"
"551","Coal",899.72,"Germany",2015,899.72,"gCO2 per kWh","IEA"
"552","Natural Gas",224.32,"Kyrgyz Republic",2015,224.32,"gCO2 per kWh","IEA"
"553","Oil",527.48,"Mozambique",2015,527.48,"gCO2 per kWh","IEA"
"554","Oil",673.664,"Non-OECD Americas",2015,673.664,"gCO2 per kWh","IEA"
"555","Natural Gas",535.775,"Georgia",2015,535.775,"gCO2 per kWh","IEA"
"556","Coal",0,"Latvia",2015,0,"gCO2 per kWh","IEA"
"557","Oil",625.39,"Australia",2015,625.39,"gCO2 per kWh","IEA"
"558","Natural Gas",427.402,"Japan",2015,427.402,"gCO2 per kWh","IEA"
"559","Coal",0,"Turkmenistan",2015,0,"gCO2 per kWh","IEA"
"560","Natural Gas",0,"Kosovo",2015,0,"gCO2 per kWh","IEA"
"561","Coal",3686.85,"Middle East",2015,3686.85,"gCO2 per kWh","IEA"
"562","TOTAL",649.096,"Cyprus",2015,649.096,"gCO2 per kWh","IEA"
"563","Natural Gas",365.997,"Turkey",2015,365.997,"gCO2 per kWh","IEA"
"564","TOTAL",332.39,"Memo: Annex B Kyoto Parties",2015,332.39,"gCO2 per kWh","IEA"
"565","Coal",0,"Jordan",2015,0,"gCO2 per kWh","IEA"
"566","Coal",1028.217,"Montenegro",2015,1028.217,"gCO2 per kWh","IEA"
"567","Oil",689.994,"Spain",2015,689.994,"gCO2 per kWh","IEA"
"568","Oil",831.983,"China",2015,831.983,"gCO2 per kWh","IEA"
"569","Natural Gas",609.593,"Venezuela, RB",2015,609.593,"gCO2 per kWh","IEA"
"570","TOTAL",900.936,"Bosnia and Herzegovina",2015,900.936,"gCO2 per kWh","IEA"
"571","Oil",750.674,"Oman",2015,750.674,"gCO2 per kWh","IEA"
"572","Coal",1195.756,"Vietnam",2015,1195.756,"gCO2 per kWh","IEA"
"573","Natural Gas",423.555,"Hong Kong SAR, China",2015,423.555,"gCO2 per kWh","IEA"
"574","Oil",663.557,"Sri Lanka",2015,663.557,"gCO2 per kWh","IEA"
"575","Coal",1086.044,"Hungary",2015,1086.044,"gCO2 per kWh","IEA"
"576","Natural Gas",383.847,"Morocco",2015,383.847,"gCO2 per kWh","IEA"
"577","TOTAL",8.735,"Norway",2015,8.735,"gCO2 per kWh","IEA"
"578","Coal",936.209,"Memo: Non-OECD Total",2015,936.209,"gCO2 per kWh","IEA"
"579","Coal",0,"Costa Rica",2015,0,"gCO2 per kWh","IEA"
"580","Coal",0,"Uruguay",2015,0,"gCO2 per kWh","IEA"
"581","Natural Gas",471.309,"Russian Federation",2015,471.309,"gCO2 per kWh","IEA"
"582","TOTAL",301.505,"OECD Europe",2015,301.505,"gCO2 per kWh","IEA"
"583","Oil",699.607,"Dominican Republic",2015,699.607,"gCO2 per kWh","IEA"
"584","TOTAL",285.142,"Ghana",2015,285.142,"gCO2 per kWh","IEA"
"585","TOTAL",1025.509,"Estonia",2015,1025.509,"gCO2 per kWh","IEA"
"586","Coal",421.266,"Kazakhstan",2015,421.266,"gCO2 per kWh","IEA"
"587","Oil",839.77,"Africa",2015,839.77,"gCO2 per kWh","IEA"
"588","Oil",833.673,"China (P.R. of China and Hong Kong, China)",2015,833.673,"gCO2 per kWh","IEA"
"589","Coal",0,"Ecuador",2015,0,"gCO2 per kWh","IEA"
"590","Oil",565.688,"Finland",2015,565.688,"gCO2 per kWh","IEA"
"591","Natural Gas",359.896,"Ireland",2015,359.896,"gCO2 per kWh","IEA"
"592","Natural Gas",586.69,"Saudi Arabia",2015,586.69,"gCO2 per kWh","IEA"
"593","TOTAL",990.337,"South Africa",2015,990.337,"gCO2 per kWh","IEA"
"594","Coal",927.315,"Chile",2015,927.315,"gCO2 per kWh","IEA"
"595","Oil",801.615,"Ethiopia",2015,801.615,"gCO2 per kWh","IEA"
"596","Natural Gas",267.203,"Slovenia",2015,267.203,"gCO2 per kWh","IEA"
"597","TOTAL",672.348,"Non-OECD Asia (excluding China)",2015,672.348,"gCO2 per kWh","IEA"
"598","Oil",926.297,"Uzbekistan",2015,926.297,"gCO2 per kWh","IEA"
"599","Oil",502.852,"Switzerland",2015,502.852,"gCO2 per kWh","IEA"
"600","TOTAL",616.533,"Senegal",2015,616.533,"gCO2 per kWh","IEA"
"601","Natural Gas",0,"Eritrea",2015,0,"gCO2 per kWh","IEA"
"602","Natural Gas",414.838,"New Zealand",2015,414.838,"gCO2 per kWh","IEA"
"603","Natural Gas",0,"Panama",2015,0,"gCO2 per kWh","IEA"
"604","Oil",716.389,"Slovak Republic",2015,716.389,"gCO2 per kWh","IEA"
"605","TOTAL",1.336,"Congo, Dem. Rep.",2015,1.336,"gCO2 per kWh","IEA"
"606","Natural Gas",340.152,"Greece",2015,340.152,"gCO2 per kWh","IEA"
"607","TOTAL",439.719,"Tanzania",2015,439.719,"gCO2 per kWh","IEA"
"608","TOTAL",556.726,"OECD Asia Oceania",2015,556.726,"gCO2 per kWh","IEA"
"609","Coal",0,"Bahrain",2015,0,"gCO2 per kWh","IEA"
"610","Natural Gas",0,"Paraguay",2015,0,"gCO2 per kWh","IEA"
"611","Oil",834.079,"Non-OECD Europe and Eurasia",2015,834.079,"gCO2 per kWh","IEA"
"612","TOTAL",568.926,"Cambodia",2015,568.926,"gCO2 per kWh","IEA"
"613","Oil",762.461,"Gibraltar",2015,762.461,"gCO2 per kWh","IEA"
"614","Oil",770.665,"Philippines",2015,770.665,"gCO2 per kWh","IEA"
"615","Coal",0,"Malta",2015,0,"gCO2 per kWh","IEA"
"616","Natural Gas",333.03,"Memo: Former Yugoslavia",2015,333.03,"gCO2 per kWh","IEA"
"617","Coal",1084.519,"Cambodia",2015,1084.519,"gCO2 per kWh","IEA"
"618","Coal",0,"Iraq",2015,0,"gCO2 per kWh","IEA"
"619","TOTAL",244.311,"Peru",2015,244.311,"gCO2 per kWh","IEA"
"620","Natural Gas",0,"Tajikistan",2015,0,"gCO2 per kWh","IEA"
"621","Natural Gas",423.651,"Colombia",2015,423.651,"gCO2 per kWh","IEA"
"622","Natural Gas",504.756,"Cuba",2015,504.756,"gCO2 per kWh","IEA"
"623","Oil",945.869,"Gabon",2015,945.869,"gCO2 per kWh","IEA"
"624","Coal",0,"Haiti",2015,0,"gCO2 per kWh","IEA"
"625","Coal",0,"Cyprus",2015,0,"gCO2 per kWh","IEA"
"626","Natural Gas",0,"Guatemala",2015,0,"gCO2 per kWh","IEA"
"627","TOTAL",526.449,"Korea",2015,526.449,"gCO2 per kWh","IEA"
"628","TOTAL",407.258,"Ukraine",2015,407.258,"gCO2 per kWh","IEA"
"629","TOTAL",506.312,"World",2015,506.312,"gCO2 per kWh","IEA"
"630","Oil",652.181,"Kuwait",2015,652.181,"gCO2 per kWh","IEA"
"631","Oil",1207.196,"United Arab Emirates",2015,1207.196,"gCO2 per kWh","IEA"
"632","Oil",844.692,"Memo: Annex I EIT",2015,844.692,"gCO2 per kWh","IEA"
"633","TOTAL",0,"Albania",2015,0,"gCO2 per kWh","IEA"
"634","Coal",872.997,"Portugal",2015,872.997,"gCO2 per kWh","IEA"
"635","Coal",939.079,"Memo: Annex I Parties",2015,939.079,"gCO2 per kWh","IEA"
"636","Oil",839.461,"Egypt, Arab Rep.",2015,839.461,"gCO2 per kWh","IEA"
"637","Natural Gas",326.586,"Poland",2015,326.586,"gCO2 per kWh","IEA"
"638","Natural Gas",407.535,"OECD Americas",2015,407.535,"gCO2 per kWh","IEA"
"639","Oil",1486.985,"Algeria",2015,1486.985,"gCO2 per kWh","IEA"
"640","TOTAL",NA,"Other non-OECD Americas",2015,NA,"gCO2 per kWh","IEA"
"641","Coal",0,"Congo, Dem. Rep.",2015,0,"gCO2 per kWh","IEA"
"642","Oil",1061.953,"India",2015,1061.953,"gCO2 per kWh","IEA"
"643","Natural Gas",587.115,"Congo, Rep.",2015,587.115,"gCO2 per kWh","IEA"
"644","TOTAL",335.088,"Ecuador",2015,335.088,"gCO2 per kWh","IEA"
"645","Oil",449.407,"Moldova",2015,449.407,"gCO2 per kWh","IEA"
"646","TOTAL",607.217,"Israel",2015,607.217,"gCO2 per kWh","IEA"
"647","Oil",1173.768,"Other non-OECD Asia",2015,1173.768,"gCO2 per kWh","IEA"
"648","Oil",663.454,"Honduras",2015,663.454,"gCO2 per kWh","IEA"
"649","TOTAL",10.78,"Sweden",2015,10.78,"gCO2 per kWh","IEA"
"650","Oil",834.263,"Italy",2015,834.263,"gCO2 per kWh","IEA"
"651","Coal",0,"Lithuania",2015,0,"gCO2 per kWh","IEA"
"652","TOTAL",402.214,"Memo: IEA Total",2015,402.214,"gCO2 per kWh","IEA"
"653","Coal",0,"Armenia",2015,0,"gCO2 per kWh","IEA"
"654","Natural Gas",504.756,"Nigeria",2015,504.756,"gCO2 per kWh","IEA"
"655","Natural Gas",353.109,"Serbia",2015,353.109,"gCO2 per kWh","IEA"
"656","TOTAL",274.041,"Hungary",2015,274.041,"gCO2 per kWh","IEA"
"657","Oil",794.905,"Yemen, Rep.",2015,794.905,"gCO2 per kWh","IEA"
"658","TOTAL",517.704,"Montenegro",2015,517.704,"gCO2 per kWh","IEA"
"659","Coal",1300.193,"Norway",2015,1300.193,"gCO2 per kWh","IEA"
"660","Natural Gas",563.502,"Bolivia",2015,563.502,"gCO2 per kWh","IEA"
"661","Oil",833.292,"Memo: non-Annex I Parties",2015,833.292,"gCO2 per kWh","IEA"
"662","Coal",1401.78,"Bosnia and Herzegovina",2015,1401.78,"gCO2 per kWh","IEA"
"663","Natural Gas",470.364,"Tunisia",2015,470.364,"gCO2 per kWh","IEA"
"664","TOTAL",479.766,"Vietnam",2015,479.766,"gCO2 per kWh","IEA"
"665","Coal",1412.373,"Mauritius",2015,1412.373,"gCO2 per kWh","IEA"
"666","Oil",706.591,"Memo: European Union-28",2015,706.591,"gCO2 per kWh","IEA"
"667","TOTAL",797.835,"Mauritius",2015,797.835,"gCO2 per kWh","IEA"
"668","Natural Gas",346.498,"Memo: European Union-28",2015,346.498,"gCO2 per kWh","IEA"
"669","Oil",636.408,"Mauritius",2015,636.408,"gCO2 per kWh","IEA"
"670","Natural Gas",0,"Mauritius",2015,0,"gCO2 per kWh","IEA"
"671","Coal",927.658,"Memo: European Union-28",2015,927.658,"gCO2 per kWh","IEA"
"672","TOTAL",314.828,"Memo: European Union-28",2015,314.828,"gCO2 per kWh","IEA"
"673","Coal",NA,"World marine bunkers",2015,NA,"gCO2 per kWh","IEA"
"674","Oil",668,"Memo: G7",2015,668,"gCO2 per kWh","IEA"
"675","Oil",715.708,"Cura√ßao",2015,715.708,"gCO2 per kWh","IEA"
"676","Natural Gas",NA,"World aviation bunkers",2015,NA,"gCO2 per kWh","IEA"
"677","TOTAL",NA,"World marine bunkers",2015,NA,"gCO2 per kWh","IEA"
"678","Natural Gas",0,"South Sudan",2015,0,"gCO2 per kWh","IEA"
"679","Coal",NA,"World aviation bunkers",2015,NA,"gCO2 per kWh","IEA"
"680","TOTAL",402.017,"Memo: G7",2015,402.017,"gCO2 per kWh","IEA"
"681","Oil",688.667,"Memo: G8",2015,688.667,"gCO2 per kWh","IEA"
"682","TOTAL",855.225,"South Sudan",2015,855.225,"gCO2 per kWh","IEA"
"683","TOTAL",NA,"World aviation bunkers",2015,NA,"gCO2 per kWh","IEA"
"684","Oil",NA,"World marine bunkers",2015,NA,"gCO2 per kWh","IEA"
"685","Natural Gas",422.906,"Memo: G20",2015,422.906,"gCO2 per kWh","IEA"
"686","Coal",926.572,"Memo: G7",2015,926.572,"gCO2 per kWh","IEA"
"687","Coal",0,"South Sudan",2015,0,"gCO2 per kWh","IEA"
"688","Natural Gas",0,"Niger",2015,0,"gCO2 per kWh","IEA"
"689","Coal",935.718,"Memo: G20",2015,935.718,"gCO2 per kWh","IEA"
"690","TOTAL",401.325,"Memo: G8",2015,401.325,"gCO2 per kWh","IEA"
"691","Oil",860.439,"South Sudan",2015,860.439,"gCO2 per kWh","IEA"
"692","TOTAL",988.072,"Niger",2015,988.072,"gCO2 per kWh","IEA"
"693","Oil",NA,"World aviation bunkers",2015,NA,"gCO2 per kWh","IEA"
"694","TOTAL",514.691,"Memo: G20",2015,514.691,"gCO2 per kWh","IEA"
"695","Natural Gas",401.89,"Memo: G7",2015,401.89,"gCO2 per kWh","IEA"
"696","Coal",929.974,"Memo: G8",2015,929.974,"gCO2 per kWh","IEA"
"697","Coal",1204.278,"Niger",2015,1204.278,"gCO2 per kWh","IEA"
"698","Natural Gas",0,"Cura√ßao",2015,0,"gCO2 per kWh","IEA"
"699","Natural Gas",415.529,"Memo: G8",2015,415.529,"gCO2 per kWh","IEA"
"700","Natural Gas",NA,"World marine bunkers",2015,NA,"gCO2 per kWh","IEA"
"701","Oil",844.839,"Niger",2015,844.839,"gCO2 per kWh","IEA"
"702","TOTAL",689.139,"Cura√ßao",2015,689.139,"gCO2 per kWh","IEA"
"703","Oil",783.782,"Memo: G20",2015,783.782,"gCO2 per kWh","IEA"
"704","Coal",0,"Cura√ßao",2015,0,"gCO2 per kWh","IEA"
"705","Coal",0,"Suriname",2015,0,"gCO2 per kWh","IEA"
"706","TOTAL",396.04,"Suriname",2015,396.04,"gCO2 per kWh","IEA"
"707","Oil",991.418,"Suriname",2015,991.418,"gCO2 per kWh","IEA"
"708","Natural Gas",0,"Suriname",2015,0,"gCO2 per kWh","IEA"
"709","Coal",0,"Greenland",2015,0,"gCO2 per kWh","IEA"
"710","Oil",1024.936,"Greenland",2015,1024.936,"gCO2 per kWh","IEA"
"711","TOTAL",191.19,"Greenland",2015,191.19,"gCO2 per kWh","IEA"
"712","Natural Gas",0,"Greenland",2015,0,"gCO2 per kWh","IEA"
"713","Coal",0,"Mali",2015,0,"gCO2 per kWh","IEA"
"714","Oil",1444.477,"Mali",2015,1444.477,"gCO2 per kWh","IEA"
"715","TOTAL",770.159,"Mali",2015,770.159,"gCO2 per kWh","IEA"
"716","Natural Gas",0,"Mali",2015,0,"gCO2 per kWh","IEA"
"717","Coal",1076.748,"Memo: Africa (UN)",2015,1076.748,"gCO2 per kWh","IEA"
"718","Oil",839.77,"Memo: Africa (UN)",2015,839.77,"gCO2 per kWh","IEA"
"719","TOTAL",620.13,"Memo: Africa (UN)",2015,620.13,"gCO2 per kWh","IEA"
"720","Natural Gas",469.655,"Memo: Africa (UN)",2015,469.655,"gCO2 per kWh","IEA"
"721","Coal",939.826,"Memo: Americas (UN)",2015,939.826,"gCO2 per kWh","IEA"
"722","Oil",699.312,"Memo: Americas (UN)",2015,699.312,"gCO2 per kWh","IEA"
"723","TOTAL",383.24,"Memo: Americas (UN)",2015,383.24,"gCO2 per kWh","IEA"
"724","Natural Gas",418.15,"Memo: Americas (UN)",2015,418.15,"gCO2 per kWh","IEA"
"725","Coal",926.318,"Memo: Asia (UN)",2015,926.318,"gCO2 per kWh","IEA"
"726","Oil",838.138,"Memo: Asia (UN)",2015,838.138,"gCO2 per kWh","IEA"
"727","TOTAL",634.647,"Memo: Asia (UN)",2015,634.647,"gCO2 per kWh","IEA"
"728","Natural Gas",479.514,"Memo: Asia (UN)",2015,479.514,"gCO2 per kWh","IEA"
"729","Coal",952.695,"Memo: Europe (UN)",2015,952.695,"gCO2 per kWh","IEA"
"730","Oil",752.679,"Memo: Europe (UN)",2015,752.679,"gCO2 per kWh","IEA"
"731","TOTAL",328.625,"Memo: Europe (UN)",2015,328.625,"gCO2 per kWh","IEA"
"732","Natural Gas",410.254,"Memo: Europe (UN)",2015,410.254,"gCO2 per kWh","IEA"
"733","Coal",1002.54,"Memo: Oceania (UN)",2015,1002.54,"gCO2 per kWh","IEA"
"734","Oil",834.446,"Memo: Oceania (UN)",2015,834.446,"gCO2 per kWh","IEA"
"735","TOTAL",663.848,"Memo: Oceania (UN)",2015,663.848,"gCO2 per kWh","IEA"
"736","Natural Gas",518.395,"Memo: Oceania (UN)",2015,518.395,"gCO2 per kWh","IEA"
"737","Coal",930.651,"Memo: IEA and Accession/Association countries",2015,930.651,"gCO2 per kWh","IEA"
"738","Oil",734.048,"Memo: IEA and Accession/Association countries",2015,734.048,"gCO2 per kWh","IEA"
"739","TOTAL",517.42,"Memo: IEA and Accession/Association countries",2015,517.42,"gCO2 per kWh","IEA"
"740","Natural Gas",403.131,"Memo: IEA and Accession/Association countries",2015,403.131,"gCO2 per kWh","IEA"
"741","Coal",0,"Memo: OPEC13",2015,0,"gCO2 per kWh","IEA"
"742","Oil",0,"Memo: OPEC13",2015,0,"gCO2 per kWh","IEA"
"743","TOTAL",0,"Memo: OPEC13",2015,0,"gCO2 per kWh","IEA"
"744","Natural Gas",0,"Memo: OPEC13",2015,0,"gCO2 per kWh","IEA"
